header,sequence,score,prediction,probability
generated_2297,STAMLQSA,-6.26794243,1,0.8563058213314133
generated_7163,AVPTLQAE,-6.262456919999999,1,0.8561115459603535
generated_8134,SVARVQSM,-1.6967868,1,0.6153776810103486
generated_8786,TLTTLQAS,-4.10448076,1,0.7618022824830878
generated_9323,TVAVLQSA,-7.264465299999999,1,0.8881126495397469
generated_10297,PGPTLQAS,-5.261133200000001,1,0.816874765035793
generated_11796,AIATLQAA,-5.01248926,1,0.8059317454471403
generated_13721,GEATLQAA,-3.37427711,1,0.7216239431056749
generated_16162,SEQTLQSS,-3.740179038,1,0.7422677484075411
generated_16283,TVTTVQAV,-3.3038349099999995,1,0.7175350657056323
generated_16374,NEVTVQAA,-4.01974674,1,0.7573510031079
generated_20919,AVAVVQAA,-3.22298426,1,0.712797416785775
generated_22783,TVATVQSV,-4.62220945,1,0.7877672129551705
generated_25587,AAAKLQSA,-5.91127012,1,0.8432138473889917
generated_26527,PVTTLQAK,-5.550464659999999,1,0.8289985474486614
generated_27871,NEPTWQSA,-1.50208298,1,0.6020381493616819
generated_34065,SVPRVQAA,-3.18289946,1,0.7104310349046133
generated_34104,NHATVQAA,-4.110221783,1,0.7621018328287072
generated_44278,SVARVQSV,-3.64975345,1,0.7372601426734017
generated_46484,TEPTMQSA,-1.5570489500000004,1,0.6058202988583048
generated_48922,SEPKVQSV,-2.5574379,1,0.6720682464359956
generated_49799,ATTTVQAA,-2.32362559,1,0.6570768305458995
generated_59292,SATKLQST,-3.6904583200000007,1,0.7395220341873263
generated_61951,TEATLTAA,-1.472017210000001,1,0.5999641576233231
generated_65254,NRPTVQSL,-2.6689815450000003,1,0.6791006193902882
generated_66543,RHATVQAE,-3.009359253,1,0.7000543689139476
generated_83659,RVAVLQAV,-6.323299349999999,1,0.8582541498177423
generated_87030,RVATFQSA,-5.3665217400000005,1,0.8213663585244624
generated_96239,NTPKVQSV,-2.2254467100000004,1,0.6506850551865545
generated_98516,SVPTVQAV,-3.87947081,1,0.7498585944086062
